2026-06-06_17-42-28,0,draft.go:2026-06-06_17-42-28
2026-06-06_17-58-48,0,draft.go:2026-06-06_17-58-48
2026-06-06_17-59-33,0,draft.go:2026-06-06_17-58-48
2026-06-06_17-59-43,0,draft.go:2026-06-06_17-58-48
2026-06-06_17-59-58,0,draft.go:2026-06-06_17-58-48
2026-06-06_18-01-50,40,draft.go:2026-06-06_18-01-50
2026-06-06_18-02-09,40,draft.go:2026-06-06_18-01-50
2026-06-06_18-13-12,100,draft.go:2026-06-06_18-13-12
2026-06-06_18-14-34,100,draft.go:2026-06-06_18-13-12
2026-06-06_18-14-34,100,draft.go:2026-06-06_18-13-12
2026-06-06_18-14-35,100,draft.go:2026-06-06_18-13-12
2026-06-06_18-14-35,100,draft.go:2026-06-06_18-13-12
2026-06-06_18-14-35,100,draft.go:2026-06-06_18-13-12
2026-06-06_18-14-36,100,draft.go:2026-06-06_18-13-12
2026-06-06_18-14-36,100,draft.go:2026-06-06_18-13-12
2026-06-06_18-14-36,100,draft.go:2026-06-06_18-13-12
2026-06-06_18-14-37,100,draft.go:2026-06-06_18-13-12
2026-06-06_18-14-37,100,draft.go:2026-06-06_18-13-12
2026-06-06_18-14-37,100,draft.go:2026-06-06_18-13-12
